{"cameraMode":{"drawMode":0,"name":"Shaded","section":"Shading Mode"},"sceneLighting":true,"audioPlay":false,"sceneViewState":{"m_AlwaysRefresh":false,"showFog":true,"showSkybox":true,"showFlares":true,"showImageEffects":true,"showParticleSystems":true,"showVisualEffectGraphs":true,"m_FxEnabled":true},"in2DMode":false,"pivot":{"x":339.99749755859377,"y":153.8609161376953,"z":0.43182373046875},"rotation":{"x":0.02368798479437828,"y":0.0025969601701945068,"z":0.00006457261770265177,"w":-0.999732494354248},"size":142.0362091064453,"orthographic":false}